Start_Time,Stop,Time
1621372321.1075628,1621372444.6256006
1621372453.8511426,1621372566.6638896
