Start_Time,Stop,Time
1622229869.9554658,1622229871.9361749
1622229873.0073037,1622229874.1885824
