Start_Time,Stop_Time
1621372656.8049235,1621373270.3372402
1621373322.8505075,1621373946.7213097
